"id";"rss_url";"function_name";"date_added";"date_crawled";"category_id";"news_source_id"
1;"No rss";"No";"2016-12-12 10:44:31";"2016-12-12 10:46:47";1;17
2;"http://www.gizmodo.in/rss_section_feeds/19124827.cms";"gizmodo";"2016-12-12 10:44:31";"2016-12-12 10:46:47";2;4
3;"http://www.gizmodo.in/rss_section_feeds/19124833.cms";"gizmodo";"2016-12-12 10:47:47";"2016-12-12 10:48:10";3;4
4;"http://www.gizmodo.in/rss_tag_section_feeds.cms?query=wtf";"gizmodo";"2016-12-12 10:48:38";"2016-12-12 10:48:53";4;4
5;"http://www.gizmodo.in/rss_section_feeds/19124823.cms";"gizmodo";"2016-12-12 10:48:58";"2016-12-12 10:49:33";5;4
6;"http://www.gizmodo.in/rss_section_feeds/19124814.cms";"gizmodo";"2016-12-12 10:49:46";"2016-12-12 10:49:57";6;4
7;"http://www.gizmodo.in/rss_section_feeds/19124836.cms";"gizmodo";"2016-12-12 10:50:08";"2016-12-12 10:50:28";7;4
8;"http://www.gizmodo.in/rss_section_feeds/23005095.cms";"gizmodo";"2016-12-12 10:50:41";"2016-12-12 10:50:52";8;4
9;"http://www.politico.com/rss/congress.xml";"politico";"2016-12-13 09:12:05";"2016-12-13 09:12:47";10;11
10;"http://www.politico.com/rss/healthcare.xml";"politico";"2016-12-13 09:12:59";"2016-12-13 09:13:32";10;11
11;"http://www.politico.com/rss/defense.xml";"politico";"2016-12-13 09:13:35";"2016-12-13 09:13:56";10;11
12;"http://www.politico.com/rss/economy.xml";"politico";"2016-12-13 09:14:00";"2016-12-13 09:14:29";10;11
13;"http://www.politico.com/rss/energy.xml";"politico";"2016-12-13 09:14:30";"2016-12-13 09:14:45";10;11
14;"http://www.politico.com/rss/politics08.xml";"politico";"2016-12-13 09:14:47";"2016-12-13 09:15:02";10;11
15;"http://www.politico.com/rss/rogersimon.xml";"politico";"2016-12-13 09:15:05";"2016-12-13 09:15:18";10;11
16;"http://www.politico.com/rss/playbook.xml";"politico";"2016-12-14 10:15:07";"2016-12-14 10:15:49";11;11
17;"http://www.politico.com/rss/morningtech.xml";"politico";"2016-12-14 10:15:54";"2016-12-14 10:16:46";11;11
18;"http://www.politico.com/rss/morningmoney.xml";"politico";"2016-12-14 10:16:48";"2016-12-14 10:16:50";11;11
19;"http://www.politico.com/rss/morningmoney.xml";"politico";"2016-12-14 10:17:04";"2016-12-14 10:17:13";11;11
20;"http://www.politico.com/rss/politicopulse.xml";"politico";"2016-12-14 10:17:28";"2016-12-14 10:17:39";11;11
21;"http://www.politico.com/rss/huddle.xml";"politico";"2016-12-14 10:17:51";"2016-12-14 10:17:57";11;11
22;"http://www.politico.com/rss/morningenergy.xml";"politico";"2016-12-14 15:51:46";"2016-12-14 15:51:46";11;11
23;"http://www.politico.com/rss/morningdefense.xml";"politico";"2016-12-14 15:54:44";"2016-12-14 15:54:44";11;11
24;"http://www.politico.com/rss/politicoinfluence.xml";"politico";"2016-12-14 15:54:44";"2016-12-14 15:54:44";11;11
25;"http://www.politico.com/rss/morningscore.xml";"politico";"2016-12-14 15:54:44";"2016-12-14 15:54:44";11;11
26;"http://www.politico.com/rss/morningtransportation.xml";"politico";"2016-12-14 15:54:44";"2016-12-14 15:54:44";11;11
27;"http://www.politico.com/rss/morningeducation.xml";"politico";"2016-12-14 15:54:44";"2016-12-14 15:54:44";11;11
28;"http://www.politico.com/rss/morningtax.xml";"politico";"2016-12-14 15:54:44";"2016-12-14 15:54:44";11;11
29;"http://www.politico.com/rss/morningagriculture.xml";"politico";"2016-12-14 15:54:44";"2016-12-14 15:54:44";11;11
30;"http://www.politico.com/rss/morningcybersecurity.xml";"politico";"2016-12-14 15:54:44";"2016-12-14 15:54:44";11;11
31;"http://www.politico.com/rss/morningehealth.xml";"politico";"2016-12-14 15:54:44";"2016-12-14 15:54:44";11;11
32;"http://www.politico.com/rss/morningshift.xml";"politico";"2016-12-14 15:54:44";"2016-12-14 15:54:44";11;11
33;"http://www.politico.com/rss/morningtrade.xml";"politico";"2016-12-14 15:54:44";"2016-12-14 15:54:44";11;11
34;"http://www.politico.com/rss/joescarborough_full.xml";"politico";"2016-12-14 15:56:56";"2016-12-14 15:56:56";12;11
35;"http://www.politico.com/rss/undertheradar_full.xml";"politico";"2016-12-14 15:56:56";"2016-12-14 15:56:56";12;11
36;"http://www.politico.com/rss/whatworks.xml";"politico";"2016-12-14 15:56:56";"2016-12-14 15:56:56";13;11
37;"http://rss.nytimes.com/services/xml/rss/nyt/World.xml";"nytimes";"2016-12-14 16:05:43";"2016-12-14 16:05:43";25;1
38;"http://rss.nytimes.com/services/xml/rss/nyt/Africa.xml";"nytimes";"2016-12-14 16:05:43";"2016-12-14 16:05:43";25;1
39;"http://rss.nytimes.com/services/xml/rss/nyt/AsiaPacific.xml";"nytimes";"2016-12-14 16:05:43";"2016-12-14 16:05:43";25;1
40;"http://rss.nytimes.com/services/xml/rss/nyt/Americas.xml";"nytimes";"2016-12-14 16:05:43";"2016-12-14 16:05:43";25;1
41;"http://rss.nytimes.com/services/xml/rss/nyt/Europe.xml";"nytimes";"2016-12-14 16:05:43";"2016-12-14 16:05:43";25;1
42;"http://rss.nytimes.com/services/xml/rss/nyt/MiddleEast.xml";"nytimes";"2016-12-14 16:05:43";"2016-12-14 16:05:43";25;1
43;"http://atwar.blogs.nytimes.com/feed/";"nytimes";"2016-12-14 16:05:43";"2016-12-14 16:05:43";25;1
44;"http://rss.nytimes.com/services/xml/rss/nyt/US.xml";"nytimes";"2016-12-14 16:05:43";"2016-12-14 16:05:43";25;1
45;"http://rss.nytimes.com/services/xml/rss/nyt/Education.xml";"nytimes";"2016-12-14 16:05:43";"2016-12-14 16:05:43";25;1
46;"http://rss.nytimes.com/services/xml/rss/nyt/Politics.xml";"nytimes";"2016-12-14 16:05:43";"2016-12-14 16:05:43";25;1
47;"http://learning.blogs.nytimes.com/feed/";"nytimes";"2016-12-14 16:05:43";"2016-12-14 16:05:43";25;1
48;"http://rss.nytimes.com/services/xml/rss/nyt/Upshot.xml";"nytimes";"2016-12-14 16:05:43";"2016-12-14 16:05:43";25;1
49;"http://rss.nytimes.com/services/xml/rss/nyt/NYRegion.xml";"nytimes";"2016-12-14 16:08:14";"2016-12-14 16:08:14";30;1
50;"http://cityroom.blogs.nytimes.com/feed/";"nytimes";"2016-12-14 16:08:14";"2016-12-14 16:08:14";30;1
51;"http://rss.nytimes.com/services/xml/rss/nyt/Business.xml";"nytimes";"2016-12-14 16:11:09";"2016-12-14 16:11:09";17;1
52;"http://rss.nytimes.com/services/xml/rss/nyt/SmallBusiness.xml";"nytimes";"2016-12-14 16:11:09";"2016-12-14 16:11:09";17;1
53;"http://rss.nytimes.com/services/xml/rss/nyt/Economy.xml";"nytimes";"2016-12-14 16:11:09";"2016-12-14 16:11:09";17;1
54;"http://rss.nytimes.com/services/xml/rss/nyt/EnergyEnvironment.xml";"nytimes";"2016-12-14 16:11:09";"2016-12-14 16:11:09";17;1
55;"http://boss.blogs.nytimes.com/feed/";"nytimes";"2016-12-14 16:11:09";"2016-12-14 16:11:09";17;1
56;"http://www.nytimes.com/services/xml/rss/nyt/Dealbook.xml";"nytimes";"2016-12-14 16:11:09";"2016-12-14 16:11:09";17;1
57;"http://rss.nytimes.com/services/xml/rss/nyt/MediaandAdvertising.xml";"nytimes";"2016-12-14 16:11:09";"2016-12-14 16:11:09";17;1
58;"http://rss.nytimes.com/services/xml/rss/nyt/YourMoney.xml";"nytimes";"2016-12-14 16:11:09";"2016-12-14 16:11:09";17;1
59;"http://rss.nytimes.com/services/xml/rss/nyt/Technology.xml";"nytimes";"2016-12-14 17:02:48";"2016-12-14 17:02:48";32;1
60;"http://bits.blogs.nytimes.com/feed/";"nytimes";"2016-12-14 17:02:48";"2016-12-14 17:02:48";32;1
61;"http://rss.nytimes.com/services/xml/rss/nyt/PersonalTech.xml";"nytimes";"2016-12-14 17:02:48";"2016-12-14 17:02:48";32;1
62;"http://rss.nytimes.com/services/xml/rss/nyt/Sports.xml";"nytimes";"2016-12-14 17:06:37";"2016-12-14 17:06:37";14;1
63;"http://rss.nytimes.com/services/xml/rss/nyt/CollegeFootball.xml";"nytimes";"2016-12-14 17:06:37";"2016-12-14 17:06:37";14;1
64;"http://rss.nytimes.com/services/xml/rss/nyt/ProBasketball.xml";"nytimes";"2016-12-14 17:06:37";"2016-12-14 17:06:37";14;1
65;"http://rss.nytimes.com/services/xml/rss/nyt/Baseball.xml";"nytimes";"2016-12-14 17:06:37";"2016-12-14 17:06:37";14;1
66;"http://rss.nytimes.com/services/xml/rss/nyt/CollegeBasketball.xml";"nytimes";"2016-12-14 17:06:37";"2016-12-14 17:06:37";14;1
67;"http://rss.nytimes.com/services/xml/rss/nyt/Golf.xml";"nytimes";"2016-12-14 17:06:37";"2016-12-14 17:06:37";14;1
68;"http://rss.nytimes.com/services/xml/rss/nyt/Hockey.xml";"nytimes";"2016-12-14 17:06:37";"2016-12-14 17:06:37";14;1
69;"http://rss.nytimes.com/services/xml/rss/nyt/ProFootball.xml";"nytimes";"2016-12-14 17:06:37";"2016-12-14 17:06:37";14;1
70;"http://rss.nytimes.com/services/xml/rss/nyt/Soccer.xml";"nytimes";"2016-12-14 17:06:37";"2016-12-14 17:06:37";14;1
71;"http://rss.nytimes.com/services/xml/rss/nyt/Tennis.xml";"nytimes";"2016-12-14 17:06:37";"2016-12-14 17:06:37";14;1
72;"http://gambit.blogs.nytimes.com/feed/";"nytimes";"2016-12-14 17:06:37";"2016-12-14 17:06:37";14;1
73;"http://rss.nytimes.com/services/xml/rss/nyt/Environment.xml";"nytimes";"2016-12-14 18:08:31";"2016-12-14 18:08:31";2;1
74;"http://rss.nytimes.com/services/xml/rss/nyt/Space.xml";"nytimes";"2016-12-14 18:08:31";"2016-12-14 18:08:31";2;1
75;"http://rss.nytimes.com/services/xml/rss/nyt/Science.xml";"nytimes";"2016-12-14 18:08:31";"2016-12-14 18:08:31";2;1
76;"http://rss.nytimes.com/services/xml/rss/nyt/Health.xml";"nytimes";"2016-12-14 18:08:31";"2016-12-14 18:08:31";33;1
77;"http://rss.nytimes.com/services/xml/rss/nyt/Research.xml";"nytimes";"2016-12-14 18:12:20";"2016-12-14 18:12:20";33;1
78;"http://rss.nytimes.com/services/xml/rss/nyt/HealthCarePolicy.xml";"nytimes";"2016-12-14 18:12:20";"2016-12-14 18:12:20";33;1
79;"http://rss.nytimes.com/services/xml/rss/nyt/Nutrition.xml";"nytimes";"2016-12-14 18:12:20";"2016-12-14 18:12:20";33;1
80;"http://rss.nytimes.com/services/xml/rss/nyt/Views.xml";"nytimes";"2016-12-14 18:12:20";"2016-12-14 18:12:20";33;1
81;"http://www.nytimes.com/svc/collections/v1/publish/www.nytimes.com/section/well/rss.xml";"nytimes";"2016-12-14 18:12:20";"2016-12-14 18:12:20";33;1
82;"http://newoldage.blogs.nytimes.com/feed/";"nytimes";"2016-12-14 18:12:20";"2016-12-14 18:12:20";33;1
83;"http://rss.nytimes.com/services/xml/rss/nyt/Arts.xml";"nytimes";"2016-12-14 18:18:14";"2016-12-14 18:18:14";26;1
84;"http://rss.nytimes.com/services/xml/rss/nyt/ArtandDesign.xml";"nytimes";"2016-12-14 18:18:14";"2016-12-14 18:18:14";26;1
85;"http://rss.nytimes.com/services/xml/rss/nyt/Books.xml";"nytimes";"2016-12-14 18:18:14";"2016-12-14 18:18:14";26;1
86;"http://rss.nytimes.com/services/xml/rss/nyt/Dance.xml";"nytimes";"2016-12-14 18:18:14";"2016-12-14 18:18:14";26;1
87;"http://rss.nytimes.com/services/xml/rss/nyt/Music.xml";"nytimes";"2016-12-14 18:18:14";"2016-12-14 18:18:14";26;1
88;"http://rss.nytimes.com/services/xml/rss/nyt/Television.xml";"nytimes";"2016-12-14 18:18:14";"2016-12-14 18:18:14";26;1
89;"http://rss.nytimes.com/services/xml/rss/nyt/Theater.xml";"nytimes";"2016-12-14 18:18:14";"2016-12-14 18:18:14";26;1
90;"http://artsbeat.blogs.nytimes.com/feed/";"nytimes";"2016-12-14 18:18:14";"2016-12-14 18:18:14";26;1
91;"http://carpetbagger.blogs.nytimes.com/feed/";"nytimes";"2016-12-14 18:18:14";"2016-12-14 18:18:14";26;1
92;"http://rss.nytimes.com/services/xml/rss/nyt/SundayBookReview.xml";"nytimes";"2016-12-14 18:18:14";"2016-12-14 18:18:14";26;1
93;"http://rss.nytimes.com/services/xml/rss/nyt/Movies.xml";"nytimes";"2016-12-14 18:18:14";"2016-12-14 18:18:14";26;1
94;"http://rss.nytimes.com/services/xml/rss/nyt/FashionandStyle.xml";"nytimes";"2016-12-14 18:19:59";"2016-12-14 18:19:59";26;1
95;"http://rss.nytimes.com/services/xml/rss/nyt/DiningandWine.xml";"nytimes";"2016-12-14 18:19:59";"2016-12-14 18:19:59";26;1
96;"http://rss.nytimes.com/services/xml/rss/nyt/Weddings.xml";"nytimes";"2016-12-14 18:19:59";"2016-12-14 18:19:59";26;1
97;"http://runway.blogs.nytimes.com/feed/";"nytimes";"2016-12-14 18:19:59";"2016-12-14 18:19:59";26;1
98;"http://rss.nytimes.com/services/xml/rss/nyt/HomeandGarden.xml";"nytimes";"2016-12-14 18:19:59";"2016-12-14 18:19:59";26;1
99;"http://rss.nytimes.com/services/xml/rss/nyt/tmagazine.xml";"nytimes";"2016-12-14 18:19:59";"2016-12-14 18:19:59";26;1
100;"http://parenting.blogs.nytimes.com/feed/";"nytimes";"2016-12-14 18:19:59";"2016-12-14 18:19:59";26;1
101;"http://rss.nytimes.com/services/xml/rss/nyt/Travel.xml";"nytimes";"2016-12-14 18:20:55";"2016-12-14 18:20:55";26;1
102;"http://intransit.blogs.nytimes.com/feed/";"nytimes";"2016-12-14 18:20:55";"2016-12-14 18:20:55";26;1
103;"http://6thfloor.blogs.nytimes.com/feed/";"nytimes";"2016-12-14 18:22:16";"2016-12-14 18:22:16";13;1
104;"http://www.nytimes.com/services/xml/rss/nyt/JobMarket.xml";"nytimes";"2016-12-14 18:24:50";"2016-12-14 18:24:50";28;1
105;"http://rss.nytimes.com/services/xml/rss/nyt/RealEstate.xml";"nytimes";"2016-12-14 18:24:50";"2016-12-14 18:24:50";28;1
106;"http://rss.nytimes.com/services/xml/rss/nyt/Commercial.xml";"nytimes";"2016-12-14 18:24:50";"2016-12-14 18:24:50";28;1
107;"http://rss.nytimes.com/services/xml/rss/nyt/Automobiles.xml";"nytimes";"2016-12-14 18:25:10";"2016-12-14 18:25:10";28;1
108;"http://publiceditor.blogs.nytimes.com/feed/";"nytimes";"2016-12-14 18:27:41";"2016-12-14 18:27:41";1;1
109;"http://wordplay.blogs.nytimes.com/feed/";"nytimes";"2016-12-14 18:27:41";"2016-12-14 18:27:41";1;1
110;"http://rss.nytimes.com/services/xml/rss/nyt/Obituaries.xml";"nytimes";"2016-12-14 18:27:41";"2016-12-14 18:27:41";1;1
111;"http://www.nytimes.com/timeswire/feeds/";"nytimes";"2016-12-14 18:27:41";"2016-12-14 18:27:41";1;1
112;"http://www.nytimes.com/services/xml/rss/nyt/pop_top.xml";"nytimes";"2016-12-14 18:27:41";"2016-12-14 18:27:41";1;1
113;"http://rss.nytimes.com/services/xml/rss/nyt/MostShared.xml";"nytimes";"2016-12-14 18:27:41";"2016-12-14 18:27:41";1;1
114;"http://rss.nytimes.com/services/xml/rss/nyt/MostViewed.xml";"nytimes";"2016-12-14 18:27:41";"2016-12-14 18:27:41";1;1
115;"http://afterdeadline.blogs.nytimes.com/feed/";"nytimes";"2016-12-14 18:27:41";"2016-12-14 18:27:41";1;1
116;"http://lens.blogs.nytimes.com/feed/";"nytimes";"2016-12-14 18:27:41";"2016-12-14 18:27:41";1;1
117;"http://www.nytimes.com/svc/collections/v1/publish/www.nytimes.com/column/charles-m-blow/rss.xml";"nytimes";"2016-12-14 18:31:41";"2016-12-14 18:31:41";22;1
118;"http://www.nytimes.com/svc/collections/v1/publish/www.nytimes.com/column/gail-collins/rss.xml";"nytimes";"2016-12-14 18:31:41";"2016-12-14 18:31:41";22;1
119;"http://www.nytimes.com/svc/collections/v1/publish/www.nytimes.com/column/david-brooks/rss.xml";"nytimes";"2016-12-14 18:31:41";"2016-12-14 18:31:41";22;1
120;"http://opinionator.blogs.nytimes.com/category/the-conversation/feed/";"nytimes";"2016-12-14 18:31:41";"2016-12-14 18:31:41";22;1
121;"http://www.nytimes.com/svc/collections/v1/publish/www.nytimes.com/column/nicholas-kristof/rss.xml";"nytimes";"2016-12-14 18:31:41";"2016-12-14 18:31:41";22;1
122;"http://opinionator.blogs.nytimes.com/category/the-conversation/feed/";"nytimes";"2016-12-14 18:31:41";"2016-12-14 18:31:41";22;1
123;"http://www.nytimes.com/svc/collections/v1/publish/www.nytimes.com/column/ross-douthat/rss.xml";"nytimes";"2016-12-14 18:31:41";"2016-12-14 18:31:41";22;1
124;"http://kristof.blogs.nytimes.com/feed/";"nytimes";"2016-12-14 18:31:41";"2016-12-14 18:31:41";22;1
125;"http://www.nytimes.com/svc/collections/v1/publish/www.nytimes.com/column/frank-bruni/rss.xml";"nytimes";"2016-12-14 18:31:41";"2016-12-14 18:31:41";22;1
126;"http://douthat.blogs.nytimes.com/feed/";"nytimes";"2016-12-14 18:31:41";"2016-12-14 18:31:41";22;1
127;"http://www.nytimes.com/svc/collections/v1/publish/www.nytimes.com/column/paul-krugman/rss.xml";"nytimes";"2016-12-14 18:31:41";"2016-12-14 18:31:41";22;1
128;"http://bruni.blogs.nytimes.com/feed/";"nytimes";"2016-12-14 18:31:41";"2016-12-14 18:31:41";22;1
129;"http://www.nytimes.com/svc/collections/v1/publish/www.nytimes.com/column/maureen-dowd/rss.xml";"nytimes";"2016-12-14 18:31:41";"2016-12-14 18:31:41";22;1
130;"http://krugman.blogs.nytimes.com/feed/";"nytimes";"2016-12-14 18:31:41";"2016-12-14 18:31:41";22;1
131;"http://www.nytimes.com/svc/collections/v1/publish/www.nytimes.com/column/roger-cohen/rss.xml";"nytimes";"2016-12-14 18:31:41";"2016-12-14 18:31:41";22;1
132;"http://www.nytimes.com/svc/collections/v1/publish/www.nytimes.com/column/thomas-l-friedman/rss.xml";"nytimes";"2016-12-14 18:31:41";"2016-12-14 18:31:41";22;1
133;"http://www.nytimes.com/svc/collections/v1/publish/www.nytimes.com/column/joe-nocera/rss.xml";"nytimes";"2016-12-14 18:31:41";"2016-12-14 18:31:41";22;1
134;"http://topics.nytimes.com/top/opinion/editorialsandoped/editorials/index.html?rss=1";"nytimes";"2016-12-14 18:37:00";"2016-12-14 18:37:00";19;1
135;"http://topics.nytimes.com/top/opinion/editorialsandoped/oped/contributors/index.html?rss=1";"nytimes";"2016-12-14 18:37:00";"2016-12-14 18:37:00";19;1
136;"http://opinionator.blogs.nytimes.com/category/diane-ackerman/feed/";"nytimes";"2016-12-14 18:37:00";"2016-12-14 18:37:00";19;1
137;"http://opinionator.blogs.nytimes.com/category/stanley-fish/feed/";"nytimes";"2016-12-14 18:37:00";"2016-12-14 18:37:00";19;1
138;"http://opinionator.blogs.nytimes.com/category/draft/feed/";"nytimes";"2016-12-14 18:37:00";"2016-12-14 18:37:00";19;1
139;"http://opinionator.blogs.nytimes.com/category/allison-arieff/feed/";"nytimes";"2016-12-14 18:37:00";"2016-12-14 18:37:00";19;1
140;"http://opinionator.blogs.nytimes.com/category/doug-glanville/feed/";"nytimes";"2016-12-14 18:37:00";"2016-12-14 18:37:00";19;1
141;"http://opinionator.blogs.nytimes.com/category/mark-bittman/feed/";"nytimes";"2016-12-14 18:37:00";"2016-12-14 18:37:00";19;1
142;"http://opinionator.blogs.nytimes.com/category/linda-greenhouse/feed/";"nytimes";"2016-12-14 18:37:00";"2016-12-14 18:37:00";19;1
143;"http://opinionator.blogs.nytimes.com/category/home-fires/feed/";"nytimes";"2016-12-14 18:37:00";"2016-12-14 18:37:00";19;1
144;"http://bittman.blogs.nytimes.com/feed/";"nytimes";"2016-12-14 18:37:00";"2016-12-14 18:37:00";19;1
145;"http://opinionator.blogs.nytimes.com/category/errol-morris/feed/";"nytimes";"2016-12-14 18:37:00";"2016-12-14 18:37:00";19;1
146;"http://opinionator.blogs.nytimes.com/category/the-conversation/feed/";"nytimes";"2016-12-14 18:37:00";"2016-12-14 18:37:00";19;1
147;"http://opinionator.blogs.nytimes.com/category/dick-cavett/feed/";"nytimes";"2016-12-14 18:37:00";"2016-12-14 18:37:00";19;1
148;"http://opinionator.blogs.nytimes.com/category/steven-rattner/feed/";"nytimes";"2016-12-14 18:37:00";"2016-12-14 18:37:00";19;1
149;"http://opinionator.blogs.nytimes.com/category/schooling/feed/";"nytimes";"2016-12-14 18:37:00";"2016-12-14 18:37:00";19;1
150;"http://opinionator.blogs.nytimes.com/category/thomas-b-edsall/feed/";"nytimes";"2016-12-14 18:37:00";"2016-12-14 18:37:00";19;1
151;"http://opinionator.blogs.nytimes.com/category/anxiety/feed/";"nytimes";"2016-12-14 18:37:00";"2016-12-14 18:37:00";19;1
152;"http://opinionator.blogs.nytimes.com/category/the-score/feed/";"nytimes";"2016-12-14 18:37:00";"2016-12-14 18:37:00";19;1
153;"http://opinionator.blogs.nytimes.com/category/timothy-egan/feed/";"nytimes";"2016-12-14 18:37:00";"2016-12-14 18:37:00";19;1
154;"http://opinionator.blogs.nytimes.com/category/bedside/feed/";"nytimes";"2016-12-14 18:37:00";"2016-12-14 18:37:00";19;1
155;"http://www.nytimes.com/svc/collections/v1/publish/www.nytimes.com/column/the-stone/rss.xml";"nytimes";"2016-12-14 18:37:00";"2016-12-14 18:37:00";19;1
156;"http://opinionator.blogs.nytimes.com/category/ezekiel-j-emanuel/feed/";"nytimes";"2016-12-14 18:37:00";"2016-12-14 18:37:00";19;1
157;"http://opinionator.blogs.nytimes.com/category/disunion/feed/";"nytimes";"2016-12-14 18:37:00";"2016-12-14 18:37:00";19;1
158;"http://opinionator.blogs.nytimes.com/category/things-i-saw/feed/";"nytimes";"2016-12-14 18:37:00";"2016-12-14 18:37:00";19;1
159;"http://opinionator.blogs.nytimes.com/category/townies/feed/";"nytimes";"2016-12-14 18:37:00";"2016-12-14 18:37:00";19;1
160;"http://dotearth.blogs.nytimes.com/feed/";"nytimes";"2016-12-14 18:40:01";"2016-12-14 18:40:01";12;1
161;"www.nytimes.com/roomfordebate/index.rss";"nytimes";"2016-12-14 18:40:01";"2016-12-14 18:40:01";12;1
162;"http://takingnote.blogs.nytimes.com/feed/";"nytimes";"2016-12-14 18:40:01";"2016-12-14 18:40:01";12;1
163;"http://rss.nytimes.com/services/xml/rss/nyt/sunday-review.xml";"nytimes";"2016-12-14 18:40:01";"2016-12-14 18:40:01";9;1
164;"http://topics.nytimes.com/top/opinion/editorialsandoped/letters/index.html?rss=1";"nytimes";"2016-12-14 18:40:01";"2016-12-14 18:40:01";10;1
165;"http://www.wsj.com/xml/rss/3_7041.xml";"wsj";"2016-12-14 18:49:20";"2016-12-14 18:49:20";19;2
166;"http://www.wsj.com/xml/rss/3_7085.xml";"wsj";"2016-12-14 18:49:20";"2016-12-14 18:49:20";25;2
167;"http://www.wsj.com/xml/rss/3_7014.xml";"wsj";"2016-12-14 18:49:20";"2016-12-14 18:49:20";17;2
168;"http://www.wsj.com/xml/rss/3_7031.xml";"wsj";"2016-12-14 18:49:20";"2016-12-14 18:49:20";6;2
169;"http://www.wsj.com/xml/rss/3_7455.xml";"wsj";"2016-12-14 18:49:20";"2016-12-14 18:49:20";32;2
170;"http://www.wsj.com/xml/rss/3_7201.xml";"wsj";"2016-12-14 18:49:20";"2016-12-14 18:49:20";26;2
171;"http://blogs.wsj.com/bankruptcy/feed/";"wsj";"2016-12-14 19:01:56";"2016-12-14 19:01:56";12;2
172;"http://blogs.wsj.com/capitaljournal/feed/";"wsj";"2016-12-14 19:01:56";"2016-12-14 19:01:56";12;2
173;"http://blogs.wsj.com/chinarealtime/feed/";"wsj";"2016-12-14 19:01:56";"2016-12-14 19:01:56";12;2
174;"http://blogs.wsj.com/corruption-currents/feed/";"wsj";"2016-12-14 19:01:56";"2016-12-14 19:01:56";12;2
175;"http://feeds.wsjonline.com/wsj/dailyfix/feed/";"wsj";"2016-12-14 19:01:56";"2016-12-14 19:01:56";12;2
176;"http://blogs.wsj.com/dispatch/feed/";"wsj";"2016-12-14 19:01:56";"2016-12-14 19:01:56";12;2
177;"http://blogs.wsj.com/drivers-seat/feed/";"wsj";"2016-12-14 19:01:56";"2016-12-14 19:01:56";12;2
178;"http://blogs.wsj.com/exchange/feed/";"wsj";"2016-12-14 19:01:56";"2016-12-14 19:01:56";12;2
179;"http://blogs.wsj.com/wealth-manager/feed/";"wsj";"2016-12-14 19:01:56";"2016-12-14 19:01:56";12;2
180;"http://blogs.wsj.com/management/feed/";"wsj";"2016-12-14 19:01:56";"2016-12-14 19:01:56";12;2
181;"http://blogs.wsj.com/health/feed/";"wsj";"2016-12-14 19:01:56";"2016-12-14 19:01:56";12;2
182;"http://blogs.wsj.com/speakeasy/category/style/feed/";"wsj";"2016-12-14 19:01:56";"2016-12-14 19:01:56";12;2
183;"http://blogs.wsj.com/hong-kong/feed/";"wsj";"2016-12-14 19:01:56";"2016-12-14 19:01:56";12;2
184;"http://blogs.wsj.com/ideas-market/feed/";"wsj";"2016-12-14 19:01:56";"2016-12-14 19:01:56";12;2
185;"http://blogs.wsj.com/indiarealtime/feed/";"wsj";"2016-12-14 19:01:56";"2016-12-14 19:01:56";12;2
186;"http://blogs.wsj.com/japanrealtime/feed/";"wsj";"2016-12-14 19:01:56";"2016-12-14 19:01:56";12;2
187;"http://blogs.wsj.com/middleseat/feed/";"wsj";"2016-12-14 19:01:56";"2016-12-14 19:01:56";12;2
188;"http://mobilefeeds.wsj.com/xml/feed/v2/3_8461.rss";"wsj";"2016-12-14 19:01:56";"2016-12-14 19:01:56";12;2
189;"http://blogs.wsj.com/juggle/feed/";"wsj";"2016-12-14 19:01:56";"2016-12-14 19:01:56";12;2
190;"http://blogs.wsj.com/korearealtime/feed/";"wsj";"2016-12-14 19:01:56";"2016-12-14 19:01:56";12;2
191;"http://blogs.wsj.com/law/feed/";"wsj";"2016-12-14 19:01:56";"2016-12-14 19:01:56";12;2
192;"http://blogs.wsj.com/marketbeat/feed/";"wsj";"2016-12-14 19:01:56";"2016-12-14 19:01:56";12;2
193;"http://blogs.wsj.com/metropolis/feed/";"wsj";"2016-12-14 19:01:56";"2016-12-14 19:01:56";12;2
194;"http://blogs.wsj.com/emergingeurope/feed/";"wsj";"2016-12-14 19:01:56";"2016-12-14 19:01:56";12;2
195;"http://blogs.wsj.com/wine/feed/";"wsj";"2016-12-14 19:01:56";"2016-12-14 19:01:56";12;2
196;"http://blogs.wsj.com/photojournal/feed/";"wsj";"2016-12-14 19:01:56";"2016-12-14 19:01:56";12;2
197;"http://blogs.wsj.com/privateequity/feed/";"wsj";"2016-12-14 19:01:56";"2016-12-14 19:01:56";12;2
198;"http://blogs.wsj.com/brussels/feed/";"wsj";"2016-12-14 19:01:56";"2016-12-14 19:01:56";12;2
199;"http://blogs.wsj.com/scene/feed/";"wsj";"2016-12-14 19:01:56";"2016-12-14 19:01:56";12;2
200;"http://blogs.wsj.com/simonnixon/feed/";"wsj";"2016-12-14 19:01:56";"2016-12-14 19:01:56";12;2
201;"http://blogs.wsj.com/venturecapital/feed/";"wsj";"2016-12-14 19:01:56";"2016-12-14 19:01:56";12;2
202;"http://blogs.wsj.com/washwire/feed/";"wsj";"2016-12-14 19:01:56";"2016-12-14 19:01:56";12;2
203;"http://blogs.wsj.com/wealth/feed/";"wsj";"2016-12-14 19:01:56";"2016-12-14 19:01:56";12;2
204;"http://blogs.wsj.com/puzzle/feed/";"wsj";"2016-12-14 19:01:56";"2016-12-14 19:01:56";12;2
205;"http://feeds.barrons.info/barrons/podcasts/thisweekinbarrons";"wsj";"2016-12-14 19:04:33";"2016-12-14 19:04:33";1;2
206;"http://www.wsj.com/xml/rss/3_7143.xml";"wsj";"2016-12-14 19:04:33";"2016-12-14 19:04:33";1;2
207;"http://www.sportingnews.com/rss";"sportnews";"2016-12-14 19:09:58";"2016-12-14 19:09:58";14;9
208;"http://www.si.com/rss/si_nfl.rss";"si";"2016-12-14 19:16:35";"2016-12-14 19:16:35";14;10
209;"http://www.si.com/rss/si_ncaaf.rss";"si";"2016-12-14 19:16:35";"2016-12-14 19:16:35";14;10
210;"http://www.si.com/rss/si_mlb.rss";"si";"2016-12-14 19:16:35";"2016-12-14 19:16:35";14;10
211;"http://www.si.com/rss/si_nba.rss";"si";"2016-12-14 19:16:35";"2016-12-14 19:16:35";14;10
212;"http://www.si.com/rss/si_ncaab.rss";"si";"2016-12-14 19:16:35";"2016-12-14 19:16:35";14;10
213;"http://www.si.com/rss/si_soccer.rss";"si";"2016-12-14 19:16:35";"2016-12-14 19:16:35";14;10
214;"http://www.si.com/rss/si_tennis.rss";"si";"2016-12-14 19:16:35";"2016-12-14 19:16:35";14;10
215;"http://www.si.com/rss/si_fantasy.rss";"si";"2016-12-14 19:16:35";"2016-12-14 19:16:35";14;10
216;"http://www.si.com/rss/si_highschool.rss";"si";"2016-12-14 19:16:35";"2016-12-14 19:16:35";14;10
217;"http://www.si.com/rss/si_extra_mustard.rss";"si";"2016-12-14 19:16:35";"2016-12-14 19:16:35";14;10
218;"http://www.si.com/rss/si_edge.rss";"si";"2016-12-14 19:16:35";"2016-12-14 19:16:35";14;10
219;"http://www.si.com/rss/si_edge.rss";"si";"2016-12-14 19:16:35";"2016-12-14 19:16:35";14;10
220;"http://www.si.com/rss/si_topstories.rss";"si";"2016-12-14 19:16:35";"2016-12-14 19:16:35";14;10
221;"http://thehill.com/taxonomy/term/1132/feed";"thehill";"2016-12-14 19:22:11";"2016-12-14 19:22:11";6;12
222;"http://thehill.com/taxonomy/term/1130/feed";"thehill";"2016-12-14 19:22:11";"2016-12-14 19:22:11";6;12
223;"http://thehill.com/taxonomy/term/1131/feed";"thehill";"2016-12-14 19:22:11";"2016-12-14 19:22:11";6;12
224;"http://thehill.com/taxonomy/term/1630/feed";"thehill";"2016-12-14 19:22:11";"2016-12-14 19:22:11";6;12
225;"http://thehill.com/taxonomy/term/1778/feed";"thehill";"2016-12-14 19:22:11";"2016-12-14 19:22:11";6;12
226;"http://thehill.com/rss/syndicator/19109";"thehill";"2016-12-14 19:22:11";"2016-12-14 19:22:11";6;12
227;"http://thehill.com/rss/syndicator/19110";"thehill";"2016-12-14 19:22:11";"2016-12-14 19:22:11";6;12
228;"http://thehill.com/taxonomy/term/39/feed";"thehill";"2016-12-14 19:24:40";"2016-12-14 19:24:40";15;12
229;"http://thehill.com/taxonomy/term/28/feed";"thehill";"2016-12-14 19:24:40";"2016-12-14 19:24:40";15;12
230;"http://thehill.com/taxonomy/term/30/feed";"thehill";"2016-12-14 19:24:40";"2016-12-14 19:24:40";15;12
231;"thehill.com/taxonomy/term/33/feed";"thehill";"2016-12-14 19:24:40";"2016-12-14 19:24:40";15;12
232;"http://thehill.com/taxonomy/term/27/feed";"thehill";"2016-12-14 19:24:40";"2016-12-14 19:24:40";15;12
233;"http://thehill.com/taxonomy/term/38/feed";"thehill";"2016-12-14 19:24:40";"2016-12-14 19:24:40";15;12
234;"http://thehill.com/taxonomy/term/43/feed";"thehill";"2016-12-14 19:24:40";"2016-12-14 19:24:40";15;12
235;"http://thehill.com/taxonomy/term/25206/feed";"thehill";"2016-12-14 19:36:08";"2016-12-14 19:36:08";16;12
236;"http://thehill.com/taxonomy/term/2003/feed";"thehill";"2016-12-14 19:36:08";"2016-12-14 19:36:08";16;12
237;"http://thehill.com/taxonomy/term/2005/feed";"thehill";"2016-12-14 19:36:08";"2016-12-14 19:36:08";16;12
238;"http://thehill.com/taxonomy/term/2002/feed";"thehill";"2016-12-14 19:36:08";"2016-12-14 19:36:08";16;12
239;"http://thehill.com/taxonomy/term/2004/feed";"thehill";"2016-12-14 19:36:08";"2016-12-14 19:36:08";16;12
240;"http://thehill.com/taxonomy/term/25207/feed";"thehill";"2016-12-14 19:36:08";"2016-12-14 19:36:08";16;12
241;"http://thehill.com/taxonomy/term/25208/feed";"thehill";"2016-12-14 19:36:08";"2016-12-14 19:36:08";16;12
242;"http://thehill.com/taxonomy/term/49/feed";"thehill";"2016-12-14 19:36:08";"2016-12-14 19:36:08";16;12
243;"http://thehill.com/taxonomy/term/29/feed";"thehill";"2016-12-14 19:37:41";"2016-12-14 19:37:41";12;12
244;"http://thehill.com/taxonomy/term/16/feed";"thehill";"2016-12-14 19:37:41";"2016-12-14 19:37:41";12;12
245;"http://thehill.com/taxonomy/term/17/feed";"thehill";"2016-12-14 19:37:41";"2016-12-14 19:37:41";12;12
246;"http://thehill.com/taxonomy/term/36/feed";"thehill";"2016-12-14 19:37:41";"2016-12-14 19:37:41";12;12
247;"http://thehill.com/taxonomy/term/48/feed";"thehill";"2016-12-14 19:37:41";"2016-12-14 19:37:41";12;12
248;"http://thehill.com/taxonomy/term/19/feed";"thehill";"2016-12-14 19:37:41";"2016-12-14 19:37:41";12;12
249;"http://thehill.com/taxonomy/term/1501/feed";"thehill";"2016-12-14 19:38:57";"2016-12-14 19:38:57";17;12
250;"http://thehill.com/taxonomy/term/1504/feed";"thehill";"2016-12-14 19:38:57";"2016-12-14 19:38:57";17;12
251;"http://thehill.com/taxonomy/term/20/feed";"thehill";"2016-12-14 19:38:57";"2016-12-14 19:38:57";17;12
252;"http://thehill.com/taxonomy/term/1077/feed";"thehill";"2016-12-14 19:41:21";"2016-12-14 19:41:21";18;12
253;"http://thehill.com/taxonomy/term/1114/feed";"thehill";"2016-12-14 19:41:21";"2016-12-14 19:41:21";19;12
254;"http://thehill.com/taxonomy/term/1116/feed";"thehill";"2016-12-14 19:41:21";"2016-12-14 19:41:21";19;12
255;"http://thehill.com/taxonomy/term/1115/feed";"thehill";"2016-12-14 19:41:21";"2016-12-14 19:41:21";19;12
256;"http://thehill.com/taxonomy/term/18/feed";"thehill";"2016-12-14 19:41:21";"2016-12-14 19:41:21";20;12
257;"http://thehill.com/rss/syndicator/19137";"thehill";"2016-12-14 19:46:26";"2016-12-14 19:46:26";22;12
258;"http://thehill.com/taxonomy/term/1120/feed";"thehill";"2016-12-14 19:46:26";"2016-12-14 19:46:26";22;12
259;"http://thehill.com/taxonomy/term/2054/feed";"thehill";"2016-12-14 19:46:26";"2016-12-14 19:46:26";22;12
260;"http://thehill.com/taxonomy/term/1537/feed";"thehill";"2016-12-14 19:46:26";"2016-12-14 19:46:26";22;12
261;"http://thehill.com/taxonomy/term/1820/feed";"thehill";"2016-12-14 19:46:26";"2016-12-14 19:46:26";22;12
262;"http://thehill.com/taxonomy/term/1776/feed";"thehill";"2016-12-14 19:46:26";"2016-12-14 19:46:26";22;12
263;"http://thehill.com/taxonomy/term/1122/feed";"thehill";"2016-12-14 19:46:26";"2016-12-14 19:46:26";22;12
264;"http://thehill.com/taxonomy/term/1121/feed";"thehill";"2016-12-14 19:46:26";"2016-12-14 19:46:26";22;12
265;"http://thehill.com/taxonomy/term/1127/feed";"thehill";"2016-12-14 19:46:26";"2016-12-14 19:46:26";22;12
266;"http://thehill.com/taxonomy/term/1124/feed";"thehill";"2016-12-14 19:46:26";"2016-12-14 19:46:26";22;12
267;"http://thehill.com/taxonomy/term/1128/feed";"thehill";"2016-12-14 19:46:26";"2016-12-14 19:46:26";22;12
268;"http://thehill.com/taxonomy/term/1916/feed";"thehill";"2016-12-14 19:46:26";"2016-12-14 19:46:26";22;12
269;"http://thehill.com/taxonomy/term/1118/feed";"thehill";"2016-12-14 19:46:26";"2016-12-14 19:46:26";22;12
270;"http://thehill.com/taxonomy/term/1775/feed";"thehill";"2016-12-14 19:46:26";"2016-12-14 19:46:26";22;12
271;"http://thehill.com/taxonomy/term/1057/feed";"thehill";"2016-12-14 19:46:26";"2016-12-14 19:46:26";28;12
272;"http://feeds.feedburner.com/dailykosbeta";"dailykos";"2016-12-14 19:48:22";"2016-12-14 19:48:22";1;13
273;"http://feeds.washingtonpost.com/rss/rss_election-2012";"washington";"2016-12-14 19:53:07";"2016-12-14 19:53:07";6;3
274;"http://feeds.washingtonpost.com/rss/rss_powerpost";"washington";"2016-12-14 19:53:07";"2016-12-14 19:53:07";6;3
275;"http://feeds.washingtonpost.com/rss/rss_fact-checker";"washington";"2016-12-14 19:53:07";"2016-12-14 19:53:07";6;3
276;"http://feeds.washingtonpost.com/rss/rss_the-fix";"washington";"2016-12-14 19:53:07";"2016-12-14 19:53:07";6;3
277;"http://feeds.washingtonpost.com/rss/rss_monkey-cage";"washington";"2016-12-14 19:53:07";"2016-12-14 19:53:07";6;3
278;"http://feeds.washingtonpost.com/rss/rss_tom-toles";"washington";"2016-12-14 19:56:14";"2016-12-14 19:56:14";19;3
279;"http://feeds.washingtonpost.com/rss/rss_the-watch";"washington";"2016-12-14 19:56:14";"2016-12-14 19:56:14";19;3
280;"http://feeds.washingtonpost.com/rss/rss_volokh-conspiracy";"washington";"2016-12-14 19:56:14";"2016-12-14 19:56:14";19;3
281;"http://feeds.washingtonpost.com/rss/rss_act-four";"washington";"2016-12-14 19:56:14";"2016-12-14 19:56:14";19;3
282;"http://feeds.washingtonpost.com/rss/rss_ask-the-post";"washington";"2016-12-14 19:56:14";"2016-12-14 19:56:14";19;3
283;"http://feeds.washingtonpost.com/rss/rss_all-opinions-are-local";"washington";"2016-12-14 19:56:14";"2016-12-14 19:56:14";19;3
284;"http://feeds.washingtonpost.com/rss/rss_compost";"washington";"2016-12-14 19:56:14";"2016-12-14 19:56:14";19;3
285;"http://feeds.washingtonpost.com/rss/rss_book-party";"washington";"2016-12-14 19:56:14";"2016-12-14 19:56:14";19;3
286;"http://feeds.washingtonpost.com/rss/rss_erik-wemple";"washington";"2016-12-14 19:56:14";"2016-12-14 19:56:14";19;3
287;"http://feeds.washingtonpost.com/rss/rss_plum-line";"washington";"2016-12-14 19:56:14";"2016-12-14 19:56:14";19;3
288;"http://feeds.washingtonpost.com/rss/rss_post-partisan";"washington";"2016-12-14 19:56:14";"2016-12-14 19:56:14";19;3
289;"http://feeds.washingtonpost.com/rss/rss_post-everything";"washington";"2016-12-14 19:56:14";"2016-12-14 19:56:14";19;3
290;"http://feeds.washingtonpost.com/rss/rss_rampage";"washington";"2016-12-14 19:56:14";"2016-12-14 19:56:14";19;3
291;"http://feeds.washingtonpost.com/rss/rss_right-turn";"washington";"2016-12-14 19:56:14";"2016-12-14 19:56:14";19;3
292;"http://feeds.washingtonpost.com/rss/rss_in-theory";"washington";"2016-12-14 19:56:14";"2016-12-14 19:56:14";19;3
293;"http://feeds.washingtonpost.com/rss/rss_house-divided";"washington";"2016-12-14 19:57:49";"2016-12-14 19:57:49";23;3
294;"http://feeds.washingtonpost.com/rss/rss_acts-of-faith";"washington";"2016-12-14 19:57:49";"2016-12-14 19:57:49";23;3
295;"https://www.washingtonpost.com/blogs/answer-sheet/feed/";"washington";"2016-12-14 19:57:49";"2016-12-14 19:57:49";23;3
296;"http://feeds.washingtonpost.com/rss/rss_capital-weather-gang";"washington";"2016-12-14 19:57:49";"2016-12-14 19:57:49";23;3
297;"http://feeds.washingtonpost.com/rss/rss_grade-point";"washington";"2016-12-14 19:57:49";"2016-12-14 19:57:49";23;3
298;"http://feeds.washingtonpost.com/rss/rss_express";"washington";"2016-12-14 19:57:49";"2016-12-14 19:57:49";23;3
299;"http://feeds.washingtonpost.com/rss/national/inspired-life";"washington";"2016-12-14 19:57:49";"2016-12-14 19:57:49";23;3
300;"http://feeds.washingtonpost.com/rss/sports";"washington";"2016-12-14 20:00:33";"2016-12-14 20:00:33";14;3
301;"http://feeds.washingtonpost.com/rss/rss_recruiting-insider";"washington";"2016-12-14 20:00:33";"2016-12-14 20:00:33";22;3
302;"http://feeds.washingtonpost.com/rss/rss_dc-sports-bog";"washington";"2016-12-14 20:00:33";"2016-12-14 20:00:33";22;3
303;"http://feeds.washingtonpost.com/rss/rss_early-lead";"washington";"2016-12-14 20:00:33";"2016-12-14 20:00:33";22;3
304;"http://feeds.washingtonpost.com/rss/rss_fancy-stats";"washington";"2016-12-14 20:00:33";"2016-12-14 20:00:33";22;3
305;"http://feeds.washingtonpost.com/rss/rss_football-insider";"washington";"2016-12-14 20:00:33";"2016-12-14 20:00:33";22;3
306;"http://feeds.washingtonpost.com/rss/rss_terrapins-insider";"washington";"2016-12-14 20:00:33";"2016-12-14 20:00:33";22;3
307;"http://feeds.washingtonpost.com/rss/rss_soccer-insider";"washington";"2016-12-14 20:00:33";"2016-12-14 20:00:33";22;3
308;"https://www.washingtonpost.com/sports/capitals/?outputType=rss";"washington";"2016-12-14 20:00:33";"2016-12-14 20:00:33";22;3
309;"http://feeds.washingtonpost.com/rss/rss_nationals-journal";"washington";"2016-12-14 20:00:33";"2016-12-14 20:00:33";22;3
310;"http://feeds.washingtonpost.com/rss/rss_wizards-insider";"washington";"2016-12-14 20:00:33";"2016-12-14 20:00:33";22;3
311;"http://feeds.washingtonpost.com/rss/rss_achenblog";"washington";"2016-12-14 20:03:42";"2016-12-14 20:03:42";24;3
312;"http://feeds.washingtonpost.com/rss/rss_checkpoint";"washington";"2016-12-14 20:03:42";"2016-12-14 20:03:42";24;3
313;"http://feeds.washingtonpost.com/rss/rss_innovations";"washington";"2016-12-14 20:03:42";"2016-12-14 20:03:42";24;3
314;"http://feeds.washingtonpost.com/rss/rss_morning-mix";"washington";"2016-12-14 20:03:42";"2016-12-14 20:03:42";24;3
315;"http://feeds.washingtonpost.com/rss/rss_post-nation";"washington";"2016-12-14 20:03:42";"2016-12-14 20:03:42";24;3
316;"http://feeds.washingtonpost.com/rss/rss_speaking-of-science";"washington";"2016-12-14 20:03:42";"2016-12-14 20:03:42";24;3
317;"http://feeds.washingtonpost.com/rss/rss_to-your-health";"washington";"2016-12-14 20:03:42";"2016-12-14 20:03:42";24;3
318;"http://feeds.washingtonpost.com/rss/rss_blogpost";"washington";"2016-12-14 20:05:19";"2016-12-14 20:05:19";25;3
319;"http://feeds.washingtonpost.com/rss/rss_digger";"washington";"2016-12-14 20:05:19";"2016-12-14 20:05:19";17;3
320;"http://feeds.washingtonpost.com/rss/national/energy-environment";"washington";"2016-12-14 20:05:19";"2016-12-14 20:05:19";17;3
321;"http://feeds.washingtonpost.com/rss/rss_on-leadership";"washington";"2016-12-14 20:05:19";"2016-12-14 20:05:19";17;3
322;"http://feeds.washingtonpost.com/rss/blogs/rss_the-switch";"washington";"2016-12-14 20:05:19";"2016-12-14 20:05:19";17;3
323;"http://feeds.washingtonpost.com/rss/rss_wonkblog";"washington";"2016-12-14 20:05:19";"2016-12-14 20:05:19";17;3
324;"http://feeds.washingtonpost.com/rss/rss_arts-post";"washington";"2016-12-14 20:07:16";"2016-12-14 20:07:16";26;3
325;"http://feeds.washingtonpost.com/rss/rss_soloish";"washington";"2016-12-14 20:07:16";"2016-12-14 20:07:16";26;3
326;"http://feeds.washingtonpost.com/rss/rss_reliable-source";"washington";"2016-12-14 20:07:16";"2016-12-14 20:07:16";26;3
327;"http://feeds.washingtonpost.com/rss/rss_comic-riffs";"washington";"2016-12-14 20:07:16";"2016-12-14 20:07:16";27;3
328;"http://feeds.washingtonpost.com/rss/rss_going-out-gurus";"washington";"2016-12-14 20:07:16";"2016-12-14 20:07:16";27;3
329;"http://feeds.washingtonpost.com/rss/rss_the-intersect";"washington";"2016-12-14 20:07:16";"2016-12-14 20:07:16";27;3
330;"http://feeds.washingtonpost.com/rss/rss_where-we-live";"washington";"2016-12-14 20:07:16";"2016-12-14 20:07:16";28;3
331;"https://www.ap.com/feed/";"ap";"2016-12-14 20:10:22";"2016-12-14 20:10:22";1;18
332;"http://www.latimes.com/local/crime/rss2.0.xml";"latimes";"2016-12-14 20:13:52";"2016-12-14 20:13:52";23;6
333;"http://www.latimes.com/local/datadesk/rss2.0.xml";"latimes";"2016-12-14 20:13:52";"2016-12-14 20:13:52";23;6
334;"http://www.latimes.com/local/education/rss2.0.xml";"latimes";"2016-12-14 20:13:52";"2016-12-14 20:13:52";23;6
335;"http://www.latimes.com/local/obituaries/rss2.0.xml";"latimes";"2016-12-14 20:13:52";"2016-12-14 20:13:52";23;6
336;"http://www.latimes.com/local/politics/rss2.0.xml";"latimes";"2016-12-14 20:13:52";"2016-12-14 20:13:52";23;6
337;"http://www.latimes.com/local/transportation/rss2.0.xml";"latimes";"2016-12-14 20:13:52";"2016-12-14 20:13:52";23;6
338;"http://www.latimes.com/local/lanow/rss2.0.xml";"latimes";"2016-12-14 20:13:52";"2016-12-14 20:13:52";23;6
339;"http://www.latimes.com/local/political/rss2.0.xml";"latimes";"2016-12-14 20:13:52";"2016-12-14 20:13:52";23;6
340;"http://www.latimes.com/local/moments/rss2.0.xml";"latimes";"2016-12-14 20:13:52";"2016-12-14 20:13:52";23;6
341;"http://www.latimes.com/sports/angels/rss2.0.xml";"latimes";"2016-12-14 20:16:16";"2016-12-14 20:16:16";14;6
342;"http://www.latimes.com/sports/clippers/rss2.0.xml";"latimes";"2016-12-14 20:16:16";"2016-12-14 20:16:16";14;6
343;"http://www.latimes.com/sports/dodgers/rss2.0.xml";"latimes";"2016-12-14 20:16:16";"2016-12-14 20:16:16";14;6
344;"http://www.latimes.com/sports/kings/rss2.0.xml";"latimes";"2016-12-14 20:16:16";"2016-12-14 20:16:16";14;6
345;"http://www.latimes.com/sports/lakers/rss2.0.xml";"latimes";"2016-12-14 20:16:16";"2016-12-14 20:16:16";14;6
346;"http://www.latimes.com/sports/nfl/rss2.0.xml";"latimes";"2016-12-14 20:16:16";"2016-12-14 20:16:16";14;6
347;"http://www.latimes.com/sports/ducks/rss2.0.xml";"latimes";"2016-12-14 20:16:16";"2016-12-14 20:16:16";14;6
348;"http://www.latimes.com/sports/ucla/rss2.0.xml";"latimes";"2016-12-14 20:16:16";"2016-12-14 20:16:16";14;6
349;"http://www.latimes.com/sports/usc/rss2.0.xml";"latimes";"2016-12-14 20:16:16";"2016-12-14 20:16:16";14;6
350;"http://www.latimes.com/sports/dodgers/dodgersnow/rss2.0.xml";"latimes";"2016-12-14 20:16:16";"2016-12-14 20:16:16";14;6
351;"http://www.latimes.com/sports/lakers/lakersnow/rss2.0.xml";"latimes";"2016-12-14 20:16:16";"2016-12-14 20:16:16";14;6
352;"http://www.latimes.com/sports/sportsnow/rss2.0.xml";"latimes";"2016-12-14 20:16:16";"2016-12-14 20:16:16";14;6
353;"http://www.latimes.com/sports/varsity-times/rss2.0.xml";"latimes";"2016-12-14 20:16:16";"2016-12-14 20:16:16";14;6
354;"http://www.latimes.com/entertainment/arts/rss2.0.xml";"latimes";"2016-12-14 20:18:56";"2016-12-14 20:18:56";27;6
355;"http://www.latimes.com/books/festivalofbooks/rss2.0.xml";"latimes";"2016-12-14 20:18:56";"2016-12-14 20:18:56";27;6
356;"http://www.latimes.com/books/rss2.0.xml";"latimes";"2016-12-14 20:18:56";"2016-12-14 20:18:56";27;6
357;"http://www.latimes.com/entertainment/movies/rss2.0.xml";"latimes";"2016-12-14 20:18:56";"2016-12-14 20:18:56";27;6
358;"http://www.latimes.com/entertainment/music/rss2.0.xml";"latimes";"2016-12-14 20:18:56";"2016-12-14 20:18:56";27;6
359;"http://www.latimes.com/entertainment/tv/rss2.0.xml";"latimes";"2016-12-14 20:18:56";"2016-12-14 20:18:56";27;6
360;"http://www.latimes.com/entertainment/envelope/rss2.0.xml";"latimes";"2016-12-14 20:18:56";"2016-12-14 20:18:56";27;6
361;"http://www.latimes.com/entertainment/envelope/cotown/rss2.0.xml";"latimes";"2016-12-14 20:18:56";"2016-12-14 20:18:56";27;6
362;"http://www.latimes.com/entertainment/arts/culture/rss2.0.xml";"latimes";"2016-12-14 20:18:56";"2016-12-14 20:18:56";27;6
363;"http://www.latimes.com/entertainment/gossip/rss2.0.xml";"latimes";"2016-12-14 20:18:56";"2016-12-14 20:18:56";27;6
364;"http://www.latimes.com/entertainment/herocomplex/rss2.0.xml";"latimes";"2016-12-14 20:18:56";"2016-12-14 20:18:56";27;6
365;"http://www.latimes.com/books/jacketcopy/rss2.0.xml";"latimes";"2016-12-14 20:18:56";"2016-12-14 20:18:56";27;6
366;"http://www.latimes.com/entertainment/movies/moviesnow/rss2.0.xml";"latimes";"2016-12-14 20:18:56";"2016-12-14 20:18:56";27;6
367;"http://www.latimes.com/entertainment/music/posts/rss2.0.xml";"latimes";"2016-12-14 20:18:56";"2016-12-14 20:18:56";27;6
368;"http://www.latimes.com/entertainment/tv/showtracker/rss2.0.xml";"latimes";"2016-12-14 20:18:56";"2016-12-14 20:18:56";27;6
369;"http://www.latimes.com/local/obituaries/rss2.0.xml";"latimes";"2016-12-14 20:20:38";"2016-12-14 20:20:38";24;6
370;"http://www.latimes.com/nation/politics/rss2.0.xml";"latimes";"2016-12-14 20:20:38";"2016-12-14 20:20:38";24;6
371;"http://www.latimes.com/science/rss2.0.xml";"latimes";"2016-12-14 20:20:38";"2016-12-14 20:20:38";24;6
372;"http://www.latimes.com/nation/nationnow/rss2.0.xml";"latimes";"2016-12-14 20:20:38";"2016-12-14 20:20:38";24;6
373;"http://www.latimes.com/world/afghanistan-pakistan/rss2.0.xml";"latimes";"2016-12-14 20:21:47";"2016-12-14 20:21:47";25;6
374;"http://www.latimes.com/world/africa/rss2.0.xml";"latimes";"2016-12-14 20:21:47";"2016-12-14 20:21:47";25;6
375;"http://www.latimes.com/world/mexico-americas/rss2.0.xml";"latimes";"2016-12-14 20:21:47";"2016-12-14 20:21:47";25;6
376;"http://www.latimes.com/world/asia/rss2.0.xml";"latimes";"2016-12-14 20:21:47";"2016-12-14 20:21:47";25;6
377;"http://www.latimes.com/world/europe/rss2.0.xml";"latimes";"2016-12-14 20:21:47";"2016-12-14 20:21:47";25;6
378;"http://www.latimes.com/world/middleeast/rss2.0.xml";"latimes";"2016-12-14 20:21:47";"2016-12-14 20:21:47";25;6
379;"http://www.latimes.com/business/autos/rss2.0.xml";"latimes";"2016-12-14 20:23:21";"2016-12-14 20:23:21";17;6
380;"http://www.latimes.com/business/personalfinance/rss2.0.xml";"latimes";"2016-12-14 20:23:21";"2016-12-14 20:23:21";17;6
381;"http://www.latimes.com/business/realestate/hot-property/rss2.0.xml";"latimes";"2016-12-14 20:23:21";"2016-12-14 20:23:21";17;6
382;"http://www.latimes.com/business/jobs/rss2.0.xml";"latimes";"2016-12-14 20:23:21";"2016-12-14 20:23:21";17;6
383;"http://www.latimes.com/business/realestate/rss2.0.xml";"latimes";"2016-12-14 20:23:21";"2016-12-14 20:23:21";17;6
384;"http://www.latimes.com/entertainment/envelope/cotown/rss2.0.xml";"latimes";"2016-12-14 20:23:21";"2016-12-14 20:23:21";17;6
385;"http://www.latimes.com/business/technology/rss2.0.xml";"latimes";"2016-12-14 20:23:21";"2016-12-14 20:23:21";17;6
386;"http://www.latimes.com/opinion/editorials/rss2.0.xml";"latimes";"2016-12-14 20:25:19";"2016-12-14 20:25:19";19;6
387;"http://www.latimes.com/opinion/endorsements/rss2.0.xml";"latimes";"2016-12-14 20:25:19";"2016-12-14 20:25:19";19;6
388;"http://www.latimes.com/opinion/op-ed/rss2.0.xml";"latimes";"2016-12-14 20:25:19";"2016-12-14 20:25:19";19;6
389;"http://www.latimes.com/opinion/readersreact/rss2.0.xml";"latimes";"2016-12-14 20:25:19";"2016-12-14 20:25:19";19;6
390;"http://www.latimes.com/local/readers-rep/rss2.0.xml";"latimes";"2016-12-14 20:25:19";"2016-12-14 20:25:19";19;6
391;"http://www.latimes.com/opinion/topoftheticket/rss2.0.xml";"latimes";"2016-12-14 20:25:19";"2016-12-14 20:25:19";19;6
392;"http://www.latimes.com/opinion/opinion-la/rss2.0.xml";"latimes";"2016-12-14 20:25:19";"2016-12-14 20:25:19";19;6
393;"http://www.latimes.com/fashion/rss2.0.xml";"latimes";"2016-12-14 20:26:43";"2016-12-14 20:26:43";26;6
394;"http://www.latimes.com/food/rss2.0.xml";"latimes";"2016-12-14 20:26:43";"2016-12-14 20:26:43";26;6
395;"http://www.latimes.com/health/rss2.0.xml";"latimes";"2016-12-14 20:26:43";"2016-12-14 20:26:43";26;6
396;"http://www.latimes.com/home/rss2.0.xml";"latimes";"2016-12-14 20:26:43";"2016-12-14 20:26:43";26;6
397;"http://www.latimes.com/food/dailydish/rss2.0.xml";"latimes";"2016-12-14 20:26:43";"2016-12-14 20:26:43";26;6
398;"http://www.latimes.com/travel/california/rss2.0.xml";"latimes";"2016-12-14 20:27:54";"2016-12-14 20:27:54";29;6
399;"http://www.latimes.com/travel/hawaii/rss2.0.xml";"latimes";"2016-12-14 20:27:54";"2016-12-14 20:27:54";29;6
400;"http://www.latimes.com/travel/lasvegas/rss2.0.xml";"latimes";"2016-12-14 20:27:54";"2016-12-14 20:27:54";29;6
401;"www.latimes.com/travel/mexico/rss2.0.xml";"latimes";"2016-12-14 20:27:54";"2016-12-14 20:27:54";29;6
402;"http://www.latimes.com/travel/deals/rss2.0.xml";"latimes";"2016-12-14 20:27:54";"2016-12-14 20:27:54";29;6
403;"http://www.latimes.com/local/angeles-forest/rss2.0.xml";"latimes";"2016-12-14 20:31:10";"2016-12-14 20:31:10";30;6
404;"http://www.latimes.com/local/antelope-valley/rss2.0.xml";"latimes";"2016-12-14 20:31:10";"2016-12-14 20:31:10";30;6
405;"http://www.latimes.com/local/beach-cities/rss2.0.xml";"latimes";"2016-12-14 20:31:10";"2016-12-14 20:31:10";30;6
406;"http://www.latimes.com/local/central-la/rss2.0.xml";"latimes";"2016-12-14 20:31:10";"2016-12-14 20:31:10";30;6
407;"http://www.latimes.com/local/eastside/rss2.0.xml";"latimes";"2016-12-14 20:31:10";"2016-12-14 20:31:10";30;6
408;"http://www.latimes.com/local/harbor/rss2.0.xml";"latimes";"2016-12-14 20:31:10";"2016-12-14 20:31:10";30;6
409;"http://www.latimes.com/local/north-county/rss2.0.xml";"latimes";"2016-12-14 20:31:10";"2016-12-14 20:31:10";30;6
410;"http://www.latimes.com/local/northeast-la/rss2.0.xml";"latimes";"2016-12-14 20:31:10";"2016-12-14 20:31:10";30;6
411;"http://www.latimes.com/local/northwest-county/rss2.0.xml";"latimes";"2016-12-14 20:31:10";"2016-12-14 20:31:10";30;6
412;"http://www.latimes.com/local/pomona-valley/rss2.0.xml";"latimes";"2016-12-14 20:31:10";"2016-12-14 20:31:10";30;6
413;"http://www.latimes.com/local/san-fernando-valley/rss2.0.xml";"latimes";"2016-12-14 20:31:10";"2016-12-14 20:31:10";30;6
414;"http://www.latimes.com/local/san-gabriel-valley/rss2.0.xml";"latimes";"2016-12-14 20:31:10";"2016-12-14 20:31:10";30;6
415;"http://www.latimes.com/local/santa-monica-mountains/rss2.0.xml";"latimes";"2016-12-14 20:31:10";"2016-12-14 20:31:10";30;6
416;"http://www.latimes.com/local/south-bay/rss2.0.xml";"latimes";"2016-12-14 20:31:10";"2016-12-14 20:31:10";30;6
417;"http://www.latimes.com/local/southeast/rss2.0.xml";"latimes";"2016-12-14 20:31:10";"2016-12-14 20:31:10";30;6
418;"http://www.latimes.com/local/verdugos/rss2.0.xml";"latimes";"2016-12-14 20:31:10";"2016-12-14 20:31:10";30;6
419;"http://www.latimes.com/local/south-la/rss2.0.xml";"latimes";"2016-12-14 20:31:10";"2016-12-14 20:31:10";30;6
420;"http://www.latimes.com/local/westside/rss2.0.xml";"latimes";"2016-12-14 20:31:10";"2016-12-14 20:31:10";30;6
421;"https://www.theguardian.com/uk/rss";"theguardian";"2016-12-14 20:32:55";"2016-12-14 20:32:55";1;7
422;"http://foreignpolicy.com/feed/";"foreignpolicy";"2016-12-14 20:36:03";"2016-12-14 20:36:03";1;19
423;"http://www.rollingstone.com/rss";"rollingstone";"2016-12-14 20:37:15";"2016-12-14 20:37:15";1;14
424;"http://www.gqindia.com/feed/";"gqindia";"2016-12-14 20:38:34";"2016-12-14 20:38:34";1;15
425;"http://europe.newsweek.com/rss";"newsweek";"2016-12-14 20:39:25";"2016-12-14 20:39:25";1;16
426;"http://dailycaller.com/feed/";"dailycaller";"2016-12-14 20:43:40";"2016-12-14 20:43:40";1;20
427;"http://www.washingtonexaminer.com/rss/politics";"washingtonexaminer";"2016-12-14 20:45:21";"2016-12-14 20:45:21";1;21
